{"PRODUCTLINE":{"0":"Motorcycles","1":"Classic Cars","2":"Motorcycles","3":"Motorcycles","4":"Classic Cars","5":"Classic Cars","6":"Classic Cars","7":"Classic Cars","8":"Trucks and Buses","9":"Motorcycles","10":"Classic Cars","11":"Classic Cars","12":"Classic Cars","13":"Classic Cars","14":"Trucks and Buses","15":"Classic Cars","16":"Trucks and Buses","17":"Classic Cars","18":"Vintage Cars","19":"Vintage Cars","20":"Classic Cars","21":"Planes","22":"Vintage Cars","23":"Classic Cars","24":"Classic Cars","25":"Classic Cars","26":"Vintage Cars","27":"Trucks and Buses","28":"Vintage Cars","29":"Trucks and Buses","30":"Planes","31":"Motorcycles","32":"Vintage Cars","33":"Classic Cars","34":"Vintage Cars","35":"Vintage Cars","36":"Ships","37":"Vintage Cars","38":"Vintage Cars","39":"Classic Cars","40":"Trains","41":"Classic Cars","42":"Vintage Cars","43":"Classic Cars","44":"Classic Cars","45":"Motorcycles","46":"Vintage Cars","47":"Classic Cars","48":"Vintage Cars","49":"Vintage Cars","50":"Trucks and Buses","51":"Vintage Cars","52":"Classic Cars","53":"Classic Cars","54":"Classic Cars","55":"Classic Cars","56":"Motorcycles","57":"Classic Cars","58":"Planes","59":"Vintage Cars","60":"Motorcycles","61":"Ships","62":"Vintage Cars","63":"Trucks and Buses","64":"Motorcycles","65":"Classic Cars","66":"Classic Cars","67":"Planes","68":"Classic Cars","69":"Classic Cars","70":"Vintage Cars","71":"Classic Cars","72":"Classic Cars","73":"Vintage Cars","74":"Classic Cars","75":"Vintage Cars","76":"Classic Cars","77":"Planes","78":"Vintage Cars","79":"Classic Cars","80":"Vintage Cars","81":"Planes","82":"Classic Cars","83":"Trucks and Buses","84":"Motorcycles","85":"Motorcycles","86":"Trucks and Buses","87":"Trains","88":"Trucks and Buses","89":"Vintage Cars","90":"Motorcycles","91":"Vintage Cars","92":"Trucks and Buses","93":"Trains","94":"Motorcycles","95":"Ships","96":"Planes","97":"Ships","98":"Ships","99":"Planes","100":"Ships","101":"Classic Cars","102":"Planes","103":"Planes","104":"Ships","105":"Ships","106":"Planes","107":"Planes","108":"Ships"},"MSRP":{"0":95,"1":214,"2":118,"3":193,"4":136,"5":147,"6":194,"7":207,"8":136,"9":150,"10":151,"11":117,"12":173,"13":79,"14":118,"15":115,"16":116,"17":141,"18":102,"19":53,"20":124,"21":157,"22":170,"23":77,"24":142,"25":163,"26":60,"27":122,"28":127,"29":60,"30":84,"31":60,"32":168,"33":132,"34":101,"35":62,"36":86,"37":104,"38":136,"39":169,"40":100,"41":80,"42":99,"43":146,"44":141,"45":62,"46":105,"47":143,"48":92,"49":87,"50":121,"51":50,"52":148,"53":71,"54":73,"55":57,"56":112,"57":50,"58":109,"59":33,"60":76,"61":122,"62":44,"63":127,"64":69,"65":90,"66":35,"67":68,"68":117,"69":37,"70":88,"71":85,"72":61,"73":65,"74":107,"75":83,"76":140,"77":68,"78":41,"79":118,"80":97,"81":72,"82":80,"83":96,"84":99,"85":40,"86":54,"87":62,"88":64,"89":68,"90":102,"91":43,"92":115,"93":58,"94":81,"95":66,"96":91,"97":86,"98":90,"99":99,"100":72,"101":101,"102":118,"103":80,"104":100,"105":99,"106":74,"107":49,"108":54},"PRODUCTCODE":{"0":"S10_1678","1":"S10_1949","2":"S10_2016","3":"S10_4698","4":"S10_4757","5":"S10_4962","6":"S12_1099","7":"S12_1108","8":"S12_1666","9":"S12_2823","10":"S12_3148","11":"S12_3380","12":"S12_3891","13":"S12_3990","14":"S12_4473","15":"S12_4675","16":"S18_1097","17":"S18_1129","18":"S18_1342","19":"S18_1367","20":"S18_1589","21":"S18_1662","22":"S18_1749","23":"S18_1889","24":"S18_1984","25":"S18_2238","26":"S18_2248","27":"S18_2319","28":"S18_2325","29":"S18_2432","30":"S18_2581","31":"S18_2625","32":"S18_2795","33":"S18_2870","34":"S18_2949","35":"S18_2957","36":"S18_3029","37":"S18_3136","38":"S18_3140","39":"S18_3232","40":"S18_3259","41":"S18_3278","42":"S18_3320","43":"S18_3482","44":"S18_3685","45":"S18_3782","46":"S18_3856","47":"S18_4027","48":"S18_4409","49":"S18_4522","50":"S18_4600","51":"S18_4668","52":"S18_4721","53":"S18_4933","54":"S24_1046","55":"S24_1444","56":"S24_1578","57":"S24_1628","58":"S24_1785","59":"S24_1937","60":"S24_2000","61":"S24_2011","62":"S24_2022","63":"S24_2300","64":"S24_2360","65":"S24_2766","66":"S24_2840","67":"S24_2841","68":"S24_2887","69":"S24_2972","70":"S24_3151","71":"S24_3191","72":"S24_3371","73":"S24_3420","74":"S24_3432","75":"S24_3816","76":"S24_3856","77":"S24_3949","78":"S24_3969","79":"S24_4048","80":"S24_4258","81":"S24_4278","82":"S24_4620","83":"S32_1268","84":"S32_1374","85":"S32_2206","86":"S32_2509","87":"S32_3207","88":"S32_3522","89":"S32_4289","90":"S32_4485","91":"S50_1341","92":"S50_1392","93":"S50_1514","94":"S50_4713","95":"S700_1138","96":"S700_1691","97":"S700_1938","98":"S700_2047","99":"S700_2466","100":"S700_2610","101":"S700_2824","102":"S700_2834","103":"S700_3167","104":"S700_3505","105":"S700_3962","106":"S700_4002","107":"S72_1253","108":"S72_3212"}}