{"CUSTOMERNAME":{"0":"Land of Toys Inc.","1":"Reims Collectables","2":"Lyon Souveniers","3":"Toys4GrownUps.com","4":"Corporate Gift Ideas Co.","5":"Technics Stores Inc.","6":"Daedalus Designs Imports","7":"Herkku Gifts","8":"Mini Wheels Co.","9":"Auto Canal Petit","10":"Australian Collectors, Co.","11":"Vitachrome Inc.","12":"Tekni Collectables Inc.","13":"Gift Depot Inc.","14":"La Rochelle Gifts","15":"Marta's Replicas Co.","16":"Toys of Finland, Co.","17":"Baane Mini Imports","18":"Diecast Classics Inc.","19":"Salzburg Collectables","20":"Souveniers And Things Co.","21":"FunGiftIdeas.com","22":"UK Collectables, Ltd.","23":"Euro Shopping Channel","24":"Volvo Model Replicas, Co","25":"Corrida Auto Replicas, Ltd","26":"Dragon Souveniers, Ltd.","27":"Classic Legends Inc.","28":"Australian Gift Network, Co","29":"Classic Gift Ideas, Inc","30":"Saveley & Henriot, Co.","31":"Canadian Gift Exchange Network","32":"West Coast Collectables Co.","33":"Cambridge Collectables Co.","34":"Super Scale Inc.","35":"Tokyo Collectables, Ltd","36":"Amica Models & Co.","37":"Scandinavian Gift Ideas","38":"Auto Assoc. & Cie.","39":"Mini Gifts Distributors Ltd.","40":"Online Diecast Creations Co.","41":"Collectables For Less Inc.","42":"Anna's Decorations, Ltd","43":"Quebec Home Shopping Network","44":"Osaka Souveniers Co.","45":"Motor Mint Distributors Inc.","46":"Atelier graphique","47":"Mini Classics","48":"Danish Wholesale Imports","49":"Stylish Desk Decors, Co.","50":"Mini Creations Ltd.","51":"Alpha Cognac","52":"Double Decker Gift Stores, Ltd","53":"Enaco Distributors","54":"Men 'R' US Retailers, Ltd.","55":"Collectable Mini Designs Co.","56":"Petit Auto","57":"Royal Canadian Collectables, Ltd.","58":"Gifts4AllAges.com","59":"giftsbymail.co.uk","60":"Oulu Toy Supplies, Inc.","61":"The Sharp Gifts Warehouse","62":"La Corne D'abondance, Co.","63":"Mini Auto Werke","64":"Diecast Collectables","65":"Handji Gifts& Co","66":"Cruz & Sons Co.","67":"Marseille Mini Autos","68":"Toms Spezialitten, Ltd","69":"Vida Sport, Ltd","70":"L'ordine Souveniers","71":"Online Mini Collectables","72":"Blauer See Auto, Co.","73":"Suominen Souveniers","74":"Muscle Machine Inc","75":"Clover Collections, Co.","76":"CAF Imports","77":"AV Stores, Co.","78":"Heintze Collectables","79":"Microscale Inc.","80":"Boards & Toys Co.","81":"Iberia Gift Imports, Corp.","82":"Signal Collectibles Ltd.","83":"Mini Caravy","84":"Signal Gift Stores","85":"Norway Gifts By Mail, Co.","86":"Rovelli Gifts","87":"Australian Collectables, Ltd","88":"Gift Ideas Corp.","89":"Bavarian Collectables Imports, Co.","90":"Royale Belge","91":"Auto-Moto Classics Inc."},"PHONE":{"0":"2125557818","1":"26.47.1555","2":"+33 1 46 62 7555","3":"6265557265","4":"6505551386","5":"6505556809","6":"20.16.1555","7":"+47 2267 3215","8":"6505555787","9":"(1) 47.55.6555","10":"03 9520 4555","11":"2125551500","12":"2015559350","13":"2035552570","14":"40.67.8555","15":"6175558555","16":"90-224 8555","17":"07-98 9555","18":"2155551555","19":"6562-9555","20":"+61 2 9495 8555","21":"5085552555","22":"(171) 555-2282","23":"(91) 555 94 44","24":"0921-12 3555","25":"(91) 555 22 82","26":"+65 221 7555","27":"2125558493","28":"61-7-3844-6555","29":"2155554695","30":"78.32.5555","31":"(604) 555-3392","32":"3105553722","33":"6175555555","34":"2035559545","35":"+81 3 3584 0555","36":"011-4988555","37":"0695-34 6555","38":"30.59.8555","39":"4155551450","40":"6035558647","41":"6175558555","42":"02 9936 8555","43":"(514) 555-8054","44":"+81 06 6342 5555","45":"2155559857","46":"40.32.2555","47":"9145554562","48":"31 12 3555","49":"(171) 555-0297","50":"5085559555","51":"61.77.6555","52":"(171) 555-7555","53":"(93) 203 4555","54":"2155554369","55":"7605558146","56":"(02) 5554 67","57":"(604) 555-4555","58":"6175559555","59":"(198) 555-8888","60":"981-443655","61":"4085553659","62":"(1) 42.34.2555","63":"7675-3555","64":"6175552555","65":"+65 224 1555","66":"+63 2 555 3587","67":"91.24.4555","68":"0221-5554327","69":"0897-034555","70":"0522-556555","71":"6175557555","72":"+49 69 66 90 2555","73":"+358 9 8045 555","74":"2125557413","75":"+353 1862 1555","76":"+34 913 728 555","77":"(171) 555-1555","78":"86 21 3555","79":"2125551957","80":"3105552373","81":"(95) 555 82 82","82":"4155554312","83":"88.60.1555","84":"7025551838","85":"+47 2212 1555","86":"035-640555","87":"61-9-3844-6555","88":"2035554407","89":"+49 89 61 08 9555","90":"(071) 23 67 2555","91":"6175558428"},"ADDRESSLINE1":{"0":"897 Long Airport Avenue","1":"59 rue de l'Abbaye","2":"27 rue du Colonel Pierre Avia","3":"78934 Hillside Dr.","4":"7734 Strong St.","5":"9408 Furth Circle","6":"184, chausse de Tournai","7":"Drammen 121, PR 744 Sentrum","8":"5557 North Pendale Street","9":"25, rue Lauriston","10":"636 St Kilda Road","11":"2678 Kingston Rd.","12":"7476 Moss Rd.","13":"25593 South Bay Ln.","14":"67, rue des Cinquante Otages","15":"39323 Spinnaker Dr.","16":"Keskuskatu 45","17":"Erling Skakkes gate 78","18":"7586 Pompton St.","19":"Geislweg 14","20":"Monitor Money Building, 815 Pacific Hwy","21":"1785 First Street","22":"Berkeley Gardens 12  Brewery","23":"C\/ Moralzarzal, 86","24":"Berguvsv\u201egen  8","25":"C\/ Araquil, 67","26":"Bronz Sok., Bronz Apt. 3\/6 Tesvikiye","27":"5905 Pompton St.","28":"31 Duncan St. West End","29":"782 First Street","30":"2, rue du Commerce","31":"1900 Oak St.","32":"3675 Furth Circle","33":"4658 Baden Av.","34":"567 North Pendale Street","35":"2-2-8 Roppongi","36":"Via Monte Bianco 34","37":"?kergatan 24","38":"67, avenue de l'Europe","39":"5677 Strong St.","40":"2304 Long Airport Avenue","41":"7825 Douglas Av.","42":"201 Miller Street","43":"43 rue St. Laurent","44":"Dojima Avanza 4F, 1-6-20 Dojima, Kita-ku","45":"11328 Douglas Av.","46":"54, rue Royale","47":"3758 North Pendale Street","48":"Vinb'ltet 34","49":"35 King George","50":"4575 Hillside Dr.","51":"1 rue Alsace-Lorraine","52":"120 Hanover Sq.","53":"Rambla de Catalu\u00a4a, 23","54":"6047 Douglas Av.","55":"361 Furth Circle","56":"Rue Joseph-Bens 532","57":"23 Tsawassen Blvd.","58":"8616 Spinnaker Dr.","59":"Garden House Crowther Way","60":"Torikatu 38","61":"3086 Ingle Ln.","62":"265, boulevard Charonne","63":"Kirchgasse 6","64":"6251 Ingle Ln.","65":"Village Close - 106 Linden Road Sandown","66":"15 McCallum Street - NatWest Center #13-03","67":"12, rue des Bouchers","68":"Mehrheimerstr. 369","69":"Grenzacherweg 237","70":"Strada Provinciale 124","71":"7635 Spinnaker Dr.","72":"Lyonerstr. 34","73":"Software Engineering Center, SEC Oy","74":"4092 Furth Circle","75":"25 Maiden Lane","76":"Merchants House, 27-30 Merchant's Quay","77":"Fauntleroy Circus","78":"Smagsloget 45","79":"5290 North Pendale Street","80":"4097 Douglas Av.","81":"C\/ Romero, 33","82":"2793 Furth Circle","83":"24, place Kluber","84":"8489 Strong St.","85":"Drammensveien 126 A, PB 744 Sentrum","86":"Via Ludovico il Moro 22","87":"7 Allen Street","88":"2440 Pompton St.","89":"Hansastr. 15","90":"Boulevard Tirou, 255","91":"16780 Pompton St."},"CITY":{"0":"NYC","1":"Reims","2":"Paris","3":"Pasadena","4":"San Francisco","5":"Burlingame","6":"Lille","7":"Bergen","8":"San Francisco","9":"Paris","10":"Melbourne","11":"NYC","12":"Newark","13":"Bridgewater","14":"Nantes","15":"Cambridge","16":"Helsinki","17":"Stavern","18":"Allentown","19":"Salzburg","20":"Chatswood","21":"New Bedford","22":"Liverpool","23":"Madrid","24":"Lule","25":"Madrid","26":"Singapore","27":"NYC","28":"South Brisbane","29":"Philadelphia","30":"Lyon","31":"Vancouver","32":"Burbank","33":"Cambridge","34":"New Haven","35":"Minato-ku","36":"Torino","37":"Boras","38":"Versailles","39":"San Rafael","40":"Nashua","41":"Brickhaven","42":"North Sydney","43":"Montreal","44":"Osaka","45":"Philadelphia","46":"Nantes","47":"White Plains","48":"Kobenhavn","49":"London","50":"New Bedford","51":"Toulouse","52":"London","53":"Barcelona","54":"Los Angeles","55":"San Diego","56":"Bruxelles","57":"Tsawassen","58":"Boston","59":"Cowes","60":"Oulu","61":"San Jose","62":"Paris","63":"Graz","64":"Boston","65":"Singapore","66":"Makati City","67":"Marseille","68":"Koln","69":"Gensve","70":"Reggio Emilia","71":"Brickhaven","72":"Frankfurt","73":"Espoo","74":"NYC","75":"Dublin","76":"Madrid","77":"Manchester","78":"Aaarhus","79":"NYC","80":"Glendale","81":"Sevilla","82":"Brisbane","83":"Strasbourg","84":"Las Vegas","85":"Oslo","86":"Bergamo","87":"Glen Waverly","88":"Glendale","89":"Munich","90":"Charleroi","91":"Brickhaven"},"POSTALCODE":{"0":"10022","1":"51100","2":"75508","3":"90003","4":null,"5":"94217","6":"59000","7":"N 5804","8":null,"9":"75016","10":"3004","11":"10022","12":"94019","13":"97562","14":"44000","15":"51247","16":"21240","17":"4110","18":"70267","19":"5020","20":"2067","21":"50553","22":"WX1 6LT","23":"28034","24":"S-958 22","25":"28023","26":"79903","27":"10022","28":"4101","29":"71270","30":"69004","31":"V3F 2K1","32":"94019","33":"51247","34":"97823","35":"106-0032","36":"10100","37":"S-844 67","38":"78000","39":"97562","40":"62005","41":"58339","42":"2060","43":"H1J 1C3","44":"530-0003","45":"71270","46":"44000","47":"24067","48":"1734","49":"WX3 6FW","50":"50553","51":"31000","52":"WA1 1DP","53":"8022","54":null,"55":"91217","56":"B-1180","57":"T2F 8M4","58":"51003","59":"PO31 7PJ","60":"90110","61":"94217","62":"75012","63":"8010","64":"51003","65":"69045","66":"1227 MM","67":"13008","68":"50739","69":"1203","70":"42100","71":"58339","72":"60528","73":"FIN-02271","74":"10022","75":"2","76":"28023","77":"EC2 5NT","78":"8200","79":"10022","80":"92561","81":"41101","82":"94217","83":"67000","84":"83030","85":"N 0106","86":"24100","87":"3150","88":"97561","89":"80686","90":"B-6000","91":"58339"},"COUNTRY":{"0":"USA","1":"France","2":"France","3":"USA","4":"USA","5":"USA","6":"France","7":"Norway","8":"USA","9":"France","10":"Australia","11":"USA","12":"USA","13":"USA","14":"France","15":"USA","16":"Finland","17":"Norway","18":"USA","19":"Austria","20":"Australia","21":"USA","22":"UK","23":"Spain","24":"Sweden","25":"Spain","26":"Singapore","27":"USA","28":"Australia","29":"USA","30":"France","31":"Canada","32":"USA","33":"USA","34":"USA","35":"Japan","36":"Italy","37":"Sweden","38":"France","39":"USA","40":"USA","41":"USA","42":"Australia","43":"Canada","44":"Japan","45":"USA","46":"France","47":"USA","48":"Denmark","49":"UK","50":"USA","51":"France","52":"UK","53":"Spain","54":"USA","55":"USA","56":"Belgium","57":"Canada","58":"USA","59":"UK","60":"Finland","61":"USA","62":"France","63":"Austria","64":"USA","65":"Singapore","66":"Philippines","67":"France","68":"Germany","69":"Switzerland","70":"Italy","71":"USA","72":"Germany","73":"Finland","74":"USA","75":"Ireland","76":"Spain","77":"UK","78":"Denmark","79":"USA","80":"USA","81":"Spain","82":"USA","83":"France","84":"USA","85":"Norway","86":"Italy","87":"Australia","88":"USA","89":"Germany","90":"Belgium","91":"USA"},"CONTACTLASTNAME":{"0":"Yu","1":"Henriot","2":"Da Cunha","3":"Young","4":"Brown","5":"Hirano","6":"Rance","7":"Oeztan","8":"Murphy","9":"Perrier","10":"Ferguson","11":"Frick","12":"Brown","13":"King","14":"Labrune","15":"Hernandez","16":"Karttunen","17":"Bergulfsen","18":"Yu","19":"Pipps","20":"Huxley","21":"Benitez","22":"Devon","23":"Freyre","24":"Berglund","25":"Sommer","26":"Natividad","27":"Hernandez","28":"Calaghan","29":"Cervantes","30":"Saveley","31":"Tannamuri","32":"Thompson","33":"Tseng","34":"Murphy","35":"Shimamura","36":"Accorti","37":"Larsson","38":"Tonini","39":"Nelson","40":"Young","41":"Nelson","42":"O'Hara","43":"Fresnisre","44":"Kentary","45":"Hernandez","46":"Schmitt","47":"Frick","48":"Petersen","49":"Brown","50":"Tam","51":"Roulet","52":"Hardy","53":"Saavedra","54":"Chandler","55":"Thompson","56":"Dewey","57":"Lincoln","58":"Yoshido","59":"Bennett","60":"Koskitalo","61":"Frick","62":"Bertrand","63":"Mendel","64":"Franco","65":"Victorino","66":"Cruz","67":"Lebihan","68":"Pfalzheim","69":"Holz","70":"Moroni","71":"Barajas","72":"Keitel","73":"Suominen","74":"Young","75":"Cassidy","76":"Fernandez","77":"Ashworth","78":"Ibsen","79":"Kuo","80":"Young","81":"Roel","82":"Taylor","83":"Citeaux","84":"King","85":"Klaeboe","86":"Rovelli","87":"Connery","88":"Lewis","89":"Donnermeyer","90":"Cartrain","91":"Taylor"},"CONTACTFIRSTNAME":{"0":"Kwai","1":"Paul","2":"Daniel","3":"Julie","4":"Julie","5":"Juri","6":"Martine","7":"Veysel","8":"Julie","9":"Dominique","10":"Peter","11":"Michael","12":"William","13":"Julie","14":"Janine","15":"Marta","16":"Matti","17":"Jonas","18":"Kyung","19":"Georg","20":"Adrian","21":"Violeta","22":"Elizabeth","23":"Diego","24":"Christina","25":"Mart\u00a1n","26":"Eric","27":"Maria","28":"Tony","29":"Francisca","30":"Mary","31":"Yoshi","32":"Steve","33":"Kyung","34":"Leslie","35":"Akiko","36":"Paolo","37":"Maria","38":"Daniel","39":"Valarie","40":"Valarie","41":"Allen","42":"Anna","43":"Jean","44":"Mory","45":"Rosa","46":"Carine","47":"Steve","48":"Jytte","49":"Ann","50":"Wing C","51":"Annette","52":"Thomas","53":"Eduardo","54":"Michael","55":"Valarie","56":"Catherine","57":"Elizabeth","58":"Juri","59":"Helen","60":"Pirkko","61":"Sue","62":"Marie","63":"Roland","64":"Valarie","65":"Wendy","66":"Arnold","67":"Laurence","68":"Henriette","69":"Michael","70":"Maurizio","71":"Miguel","72":"Roland","73":"Kalle","74":"Jeff","75":"Dean","76":"Jesus","77":"Victoria","78":"Palle","79":"Kee","80":"Leslie","81":"Jose Pedro","82":"Sue","83":"Frederique","84":"Sue","85":"Jan","86":"Giovanni","87":"Sean","88":"Dan","89":"Michael","90":"Pascale","91":"Leslie"}}